<?xml version="1.0" encoding="utf-8"?>
<!--/5357571/1452017/2.50/11/4/Connector/-->
<quadcept_library>
  <setting unit="mil" />
  <textstyle name="Default" height="47.244094488189" strokewidth="7.8740157480315" charwidth="47.244094488189" />
  <textstyle name="Dimension" height="19.6850393700787" strokewidth="0" charwidth="19.6850393700787" />
  <textstyle name="H127W0635TH00762" height="50" strokewidth="3" charwidth="25" />
  <textstyle name="H15W15TH02" height="59.0551181102362" strokewidth="7.8740157480315" charwidth="59.0551181102362" />
  <padstyle name="r135_40" surface="True" plated="False" isvia="False" nopaste="False" nomask="True" complex="False" holesize="0">
    <padshape layer="TOP" shape="rectangle" width="15.748031496063" height="53.149606299212" />
    <padshape layer="TOP_SOLDER_MASK" shape="rectangle" width="23.622047244094" height="61.023622047243" />
    <padshape layer="TOP_SOLDER_PASTE" shape="rectangle" width="15.748031496063" height="53.149606299212" />
  </padstyle>
  <padstyle name="r190_180" surface="True" plated="False" isvia="False" nopaste="False" nomask="True" complex="False" holesize="0">
    <padshape layer="TOP" shape="rectangle" width="70.866141732283" height="74.803149606298" />
    <padshape layer="TOP_SOLDER_MASK" shape="rectangle" width="78.740157480314" height="82.67716535433" />
    <padshape layer="TOP_SOLDER_PASTE" shape="rectangle" width="70.866141732283" height="74.803149606298" />
  </padstyle>
  <padstyle name="r210_160" surface="True" plated="False" isvia="False" nopaste="False" nomask="True" complex="False" holesize="0">
    <padshape layer="TOP" shape="rectangle" width="62.992125984251" height="82.67716535433" />
    <padshape layer="TOP_SOLDER_MASK" shape="rectangle" width="70.866141732283" height="90.551181102361" />
    <padshape layer="TOP_SOLDER_PASTE" shape="rectangle" width="62.992125984251" height="82.67716535433" />
  </padstyle>
  <padstyle name="r190_190" surface="True" plated="False" isvia="False" nopaste="False" nomask="True" complex="False" holesize="0">
    <padshape layer="TOP" shape="rectangle" width="74.803149606298" height="74.803149606298" />
    <padshape layer="TOP_SOLDER_MASK" shape="rectangle" width="82.67716535433" height="82.67716535433" />
    <padshape layer="TOP_SOLDER_PASTE" shape="rectangle" width="74.803149606298" height="74.803149606298" />
  </padstyle>
  <footprint name="ZX62B5PA33" originx="0" originy="0" pickpointx="0" pickpointy="0">
    <pcbpin number="1" name="1" style="r135_40" originx="-51.181102362204" originy="91.535433070865" rotation="0" />
    <pcbpin number="2" name="2" style="r135_40" originx="-25.590551181102" originy="91.535433070865" rotation="0" />
    <pcbpin number="3" name="3" style="r135_40" originx="0" originy="91.535433070865" rotation="0" />
    <pcbpin number="4" name="4" style="r135_40" originx="25.590551181102" originy="91.535433070865" rotation="0" />
    <pcbpin number="5" name="5" style="r135_40" originx="51.181102362204" originy="91.535433070865" rotation="0" />
    <pcbpin number="6" name="MP1" style="r190_180" originx="-157.48031496063" originy="-13.779527559055" rotation="0" />
    <pcbpin number="7" name="MP2" style="r190_180" originx="157.48031496063" originy="-13.779527559055" rotation="0" />
    <pcbpin number="8" name="MP3" style="r210_160" originx="-122.04724409449" originy="86.614173228345" rotation="90" />
    <pcbpin number="9" name="MP4" style="r210_160" originx="122.04724409449" originy="86.614173228345" rotation="90" />
    <pcbpin number="10" name="MP5" style="r190_190" originx="-47.244094488188" originy="-13.779527559055" rotation="0" />
    <pcbpin number="11" name="MP6" style="r190_190" originx="47.244094488188" originy="-13.779527559055" rotation="0" />
    <line layer="TOP_ASSEMBLY" originx="-159.44881889764" originy="98.425196850392" endx="159.44881889764" endy="98.425196850392" width="7.8740157480314" />
    <line layer="TOP_ASSEMBLY" originx="159.44881889764" originy="98.425196850392" endx="159.44881889764" endy="-98.425196850392" width="7.8740157480314" />
    <line layer="TOP_ASSEMBLY" originx="159.44881889764" originy="-98.425196850392" endx="-159.44881889764" endy="-98.425196850392" width="7.8740157480314" />
    <line layer="TOP_ASSEMBLY" originx="-159.44881889764" originy="-98.425196850392" endx="-159.44881889764" endy="98.425196850392" width="7.8740157480314" />
    <line layer="TOP_PLACE_BOUND" originx="-232.28346456693" originy="181.10236220472" endx="232.28346456693" endy="181.10236220472" width="3.9370078740157" />
    <line layer="TOP_PLACE_BOUND" originx="232.28346456693" originy="181.10236220472" endx="232.28346456693" endy="-137.79527559055" width="3.9370078740157" />
    <line layer="TOP_PLACE_BOUND" originx="232.28346456693" originy="-137.79527559055" endx="-232.28346456693" endy="-137.79527559055" width="3.9370078740157" />
    <line layer="TOP_PLACE_BOUND" originx="-232.28346456693" originy="-137.79527559055" endx="-232.28346456693" endy="181.10236220472" width="3.9370078740157" />
    <line layer="TOP_SILKSCREEN" originx="-51.181102362204" originy="137.79527559055" endx="-51.181102362204" endy="137.79527559055" width="3.9370078740157" />
    <arc layer="TOP_SILKSCREEN" originx="-51.181102362204" originy="139.76377952756" startangle="-90.0" sweepangle="180.0" radius="1.9685039370079" width="3.9370078740157" />
    <line layer="TOP_SILKSCREEN" originx="-51.181102362204" originy="141.73228346457" endx="-51.181102362204" endy="141.73228346457" width="3.9370078740157" />
    <arc layer="TOP_SILKSCREEN" originx="-51.181102362204" originy="139.76377952756" startangle="90.0" sweepangle="180.0" radius="1.9685039370079" width="3.9370078740157" />
    <line layer="TOP_SILKSCREEN" originx="-157.48031496063" originy="-98.425196850392" endx="159.44881889764" endy="-98.425196850392" width="3.9370078740157" />
  </footprint>
  <symbol name="ZX62-B-5PA_33_" originx="0" originy="0">
    <line originx="200" originy="100" endx="800" endy="100" width="0" />
    <line originx="800" originy="-600" endx="800" endy="100" width="0" />
    <line originx="800" originy="-600" endx="200" endy="-600" width="0" />
    <line originx="200" originy="100" endx="200" endy="-600" width="0" />
    <sympin number="1" originx="200" originy="0" rotation="180" length="100" width="7.8740157480315" flipped="False">
      <text name="pinname" originx="230" originy="0" style="Default" rotation="0" justify="left" flipped="False" hidden="False" data="1" />
      <text name="pindes" originx="140" originy="20" style="Default" rotation="0" justify="lowerright" flipped="False" hidden="False" data="1" />
    </sympin>
    <sympin number="2" originx="200" originy="-100" rotation="180" length="100" width="7.8740157480315" flipped="False">
      <text name="pinname" originx="230" originy="-100" style="Default" rotation="0" justify="left" flipped="False" hidden="False" data="2" />
      <text name="pindes" originx="140" originy="-80" style="Default" rotation="0" justify="lowerright" flipped="False" hidden="False" data="2" />
    </sympin>
    <sympin number="3" originx="200" originy="-200" rotation="180" length="100" width="7.8740157480315" flipped="False">
      <text name="pinname" originx="230" originy="-200" style="Default" rotation="0" justify="left" flipped="False" hidden="False" data="3" />
      <text name="pindes" originx="140" originy="-180" style="Default" rotation="0" justify="lowerright" flipped="False" hidden="False" data="3" />
    </sympin>
    <sympin number="4" originx="200" originy="-300" rotation="180" length="100" width="7.8740157480315" flipped="False">
      <text name="pinname" originx="230" originy="-300" style="Default" rotation="0" justify="left" flipped="False" hidden="False" data="4" />
      <text name="pindes" originx="140" originy="-280" style="Default" rotation="0" justify="lowerright" flipped="False" hidden="False" data="4" />
    </sympin>
    <sympin number="5" originx="200" originy="-400" rotation="180" length="100" width="7.8740157480315" flipped="False">
      <text name="pinname" originx="230" originy="-400" style="Default" rotation="0" justify="left" flipped="False" hidden="False" data="5" />
      <text name="pindes" originx="140" originy="-380" style="Default" rotation="0" justify="lowerright" flipped="False" hidden="False" data="5" />
    </sympin>
    <sympin number="6" originx="200" originy="-500" rotation="180" length="100" width="7.8740157480315" flipped="False">
      <text name="pinname" originx="230" originy="-500" style="Default" rotation="0" justify="left" flipped="False" hidden="False" data="MP1" />
      <text name="pindes" originx="140" originy="-480" style="Default" rotation="0" justify="lowerright" flipped="False" hidden="False" data="MP1" />
    </sympin>
    <sympin number="7" originx="800" originy="0" rotation="0" length="100" width="7.8740157480315" flipped="False">
      <text name="pinname" originx="770" originy="0" style="Default" rotation="0" justify="right" flipped="False" hidden="False" data="MP2" />
      <text name="pindes" originx="860" originy="20" style="Default" rotation="0" justify="lowerleft" flipped="False" hidden="False" data="MP2" />
    </sympin>
    <sympin number="8" originx="800" originy="-100" rotation="0" length="100" width="7.8740157480315" flipped="False">
      <text name="pinname" originx="770" originy="-100" style="Default" rotation="0" justify="right" flipped="False" hidden="False" data="MP3" />
      <text name="pindes" originx="860" originy="-80" style="Default" rotation="0" justify="lowerleft" flipped="False" hidden="False" data="MP3" />
    </sympin>
    <sympin number="9" originx="800" originy="-200" rotation="0" length="100" width="7.8740157480315" flipped="False">
      <text name="pinname" originx="770" originy="-200" style="Default" rotation="0" justify="right" flipped="False" hidden="False" data="MP4" />
      <text name="pindes" originx="860" originy="-180" style="Default" rotation="0" justify="lowerleft" flipped="False" hidden="False" data="MP4" />
    </sympin>
    <sympin number="10" originx="800" originy="-300" rotation="0" length="100" width="7.8740157480315" flipped="False">
      <text name="pinname" originx="770" originy="-300" style="Default" rotation="0" justify="right" flipped="False" hidden="False" data="MP5" />
      <text name="pindes" originx="860" originy="-280" style="Default" rotation="0" justify="lowerleft" flipped="False" hidden="False" data="MP5" />
    </sympin>
    <sympin number="11" originx="800" originy="-400" rotation="0" length="100" width="7.8740157480315" flipped="False">
      <text name="pinname" originx="770" originy="-400" style="Default" rotation="0" justify="right" flipped="False" hidden="False" data="MP6" />
      <text name="pindes" originx="860" originy="-380" style="Default" rotation="0" justify="lowerleft" flipped="False" hidden="False" data="MP6" />
    </sympin>
  </symbol>
  <component name="ZX62-B-5PA_33_" designatorprefix="J" height="118.11023622047" footprint="ZX62B5PA33">
    <comppin designator="1" sympin="1" pinswap="0" gateswap="0" gate="1" group="1" side="" type="Any" name="1" />
    <comppin designator="2" sympin="2" pinswap="0" gateswap="0" gate="1" group="1" side="" type="Any" name="2" />
    <comppin designator="3" sympin="3" pinswap="0" gateswap="0" gate="1" group="1" side="" type="Any" name="3" />
    <comppin designator="4" sympin="4" pinswap="0" gateswap="0" gate="1" group="1" side="" type="Any" name="4" />
    <comppin designator="5" sympin="5" pinswap="0" gateswap="0" gate="1" group="1" side="" type="Any" name="5" />
    <comppin designator="MP1" sympin="6" pinswap="0" gateswap="0" gate="1" group="1" side="" type="Any" name="MP1" />
    <comppin designator="MP2" sympin="7" pinswap="0" gateswap="0" gate="1" group="1" side="" type="Any" name="MP2" />
    <comppin designator="MP3" sympin="8" pinswap="0" gateswap="0" gate="1" group="1" side="" type="Any" name="MP3" />
    <comppin designator="MP4" sympin="9" pinswap="0" gateswap="0" gate="1" group="1" side="" type="Any" name="MP4" />
    <comppin designator="MP5" sympin="10" pinswap="0" gateswap="0" gate="1" group="1" side="" type="Any" name="MP5" />
    <comppin designator="MP6" sympin="11" pinswap="0" gateswap="0" gate="1" group="1" side="" type="Any" name="MP6" />
    <attached_symbol gate="1" name="ZX62-B-5PA_33_" />
    <pinmap designator="1" footprintpin="1" />
    <pinmap designator="2" footprintpin="2" />
    <pinmap designator="3" footprintpin="3" />
    <pinmap designator="4" footprintpin="4" />
    <pinmap designator="5" footprintpin="5" />
    <pinmap designator="MP1" footprintpin="6" />
    <pinmap designator="MP2" footprintpin="7" />
    <pinmap designator="MP3" footprintpin="8" />
    <pinmap designator="MP4" footprintpin="9" />
    <pinmap designator="MP5" footprintpin="10" />
    <pinmap designator="MP6" footprintpin="11" />
    <text name="Datasheet" originx="0" originy="0" style="Default" rotation="0" justify="" flipped="False" hidden="True" data="https://www.hirose.com/product/download/?distributor=digikey&amp;type=specSheet&amp;lang=en&amp;num=ZX62-B-5PA(33)" />
    <text name="Description" originx="0" originy="0" style="Default" rotation="0" justify="" flipped="False" hidden="True" data="USB Connectors MICRO B RECEPT RA SMT BTTM MNT" />
    <text name="Mouser Part Number" originx="0" originy="0" style="Default" rotation="0" justify="" flipped="False" hidden="True" data="798-ZX62-B-5PA33" />
    <text name="Mouser Price/Stock" originx="0" originy="0" style="Default" rotation="0" justify="" flipped="False" hidden="True" data="https://www.mouser.co.uk/ProductDetail/Hirose-Connector/ZX62-B-5PA33?qs=IvjI65BR3TWOr0fx8JTXXw%3D%3D" />
    <text name="Manufacturer_Name" originx="0" originy="0" style="Default" rotation="0" justify="" flipped="False" hidden="True" data="Hirose" />
    <text name="Manufacturer_Part_Number" originx="850" originy="200" style="Default" rotation="0" justify="left" flipped="False" hidden="False" data="ZX62-B-5PA(33)" />
  </component>
</quadcept_library>
